Ranking,Name,URL,Rating,Price Range,Review Count,Categories,Address
1,Teppanyaki Sumiyaki Saito,https://www.tripadvisor.com/Restaurant_Review-g14129735-d15801593-Reviews-Teppanyaki_Sumiyaki_Saito-Roppongi_Minato_Tokyo_Tokyo_Prefecture_Kanto.html,4.9,,705,"Japanese, Steakhouse",Teppanyaki Sumiyaki Saito
2,Gyopao Gyoza Roppongi,https://www.tripadvisor.com/Restaurant_Review-g14129735-d1666071-Reviews-Gyopao_Gyoza_Roppongi-Roppongi_Minato_Tokyo_Tokyo_Prefecture_Kanto.html,4.9,,3423,"Chinese, Asian",Gyopao Gyoza Roppongi
3,Downtown B’s Indian Kitchen,https://www.tripadvisor.com/Restaurant_Review-g14129735-d12232966-Reviews-Downtown_B_s_Indian_Kitchen-Roppongi_Minato_Tokyo_Tokyo_Prefecture_Kanto.html,4.9,,377,"Indian, Asian",Downtown B’s Indian Kitchen
4,IPPUDO Roppongi,https://www.tripadvisor.com/Restaurant_Review-g14129735-d1659036-Reviews-IPPUDO_Roppongi-Roppongi_Minato_Tokyo_Tokyo_Prefecture_Kanto.html,4.5,,578,"Japanese, Asian",IPPUDO Roppongi
5,Niigata Yukimuro Jukusei Yakiniku Nikuine Roppongi,https://www.tripadvisor.com/Restaurant_Review-g14129735-d19683159-Reviews-Niigata_Yukimuro_Jukusei_Yakiniku_Nikuine_Roppongi-Roppongi_Minato_Tokyo_Tokyo.html,4.9,,67,"Japanese, Barbecue",Niigata Yukimuro Jukusei Yakiniku Nikuine Roppongi
6,Jomon Roppongi,https://www.tripadvisor.com/Restaurant_Review-g14129735-d877385-Reviews-Jomon_Roppongi-Roppongi_Minato_Tokyo_Tokyo_Prefecture_Kanto.html,4.4,,441,"Japanese, Japanese - Other",Jomon Roppongi
7,Burger Revolution Tokyo Roppongi,https://www.tripadvisor.com/Restaurant_Review-g14129735-d21375819-Reviews-Burger_Revolution_Tokyo_Roppongi-Roppongi_Minato_Tokyo_Tokyo_Prefecture_Kanto.html,4.8,,288,"American, Fast Food",Burger Revolution Tokyo Roppongi
8,Gluten Free T's Kitchen,https://www.tripadvisor.com/Restaurant_Review-g14129735-d13202104-Reviews-Gluten_Free_T_s_Kitchen-Roppongi_Minato_Tokyo_Tokyo_Prefecture_Kanto.html,4.8,,398,"Japanese, Cafe",Gluten Free T's Kitchen
9,Hard Rock Cafe,https://www.tripadvisor.com/Restaurant_Review-g14129735-d1163632-Reviews-Hard_Rock_Cafe-Roppongi_Minato_Tokyo_Tokyo_Prefecture_Kanto.html,4.0,,601,"American, Bar",Hard Rock Cafe
10,Atelier Morimoto Xex,https://www.tripadvisor.com/Restaurant_Review-g14129735-d1688108-Reviews-Atelier_Morimoto_Xex-Roppongi_Minato_Tokyo_Tokyo_Prefecture_Kanto.html,4.6,,201,"Japanese, Sushi",Atelier Morimoto Xex
11,Tsurutontan Roppongi,https://www.tripadvisor.com/Restaurant_Review-g14129735-d1688541-Reviews-Tsurutontan_Roppongi-Roppongi_Minato_Tokyo_Tokyo_Prefecture_Kanto.html,4.0,,389,"Japanese, Kaiseki",Tsurutontan Roppongi
12,Mon Cher Ton Ton Roppongi,https://www.tripadvisor.com/Restaurant_Review-g14129735-d1678362-Reviews-Mon_Cher_Ton_Ton_Roppongi-Roppongi_Minato_Tokyo_Tokyo_Prefecture_Kanto.html,4.5,,200,"Japanese, Asian",Mon Cher Ton Ton Roppongi
13,The French Kitchen,https://www.tripadvisor.com/Restaurant_Review-g14129735-d816619-Reviews-The_French_Kitchen-Roppongi_Minato_Tokyo_Tokyo_Prefecture_Kanto.html,4.0,,240,"French, European",The French Kitchen
14,Sukiyabashi Jiro Roppongi Hills,https://www.tripadvisor.com/Restaurant_Review-g14129735-d1177368-Reviews-Sukiyabashi_Jiro_Roppongi_Hills-Roppongi_Minato_Tokyo_Tokyo_Prefecture_Kanto.html,4.1,,335,"Japanese, Sushi",Sukiyabashi Jiro Roppongi Hills
15,Tonkatsu Butagumi Dining,https://www.tripadvisor.com/Restaurant_Review-g14129735-d6069268-Reviews-Tonkatsu_Butagumi_Dining-Roppongi_Minato_Tokyo_Tokyo_Prefecture_Kanto.html,4.4,,134,"Japanese, Asian",Tonkatsu Butagumi Dining
16,Warayakiya Roppongi,https://www.tripadvisor.com/Restaurant_Review-g14129735-d4664055-Reviews-Warayakiya_Roppongi-Roppongi_Minato_Tokyo_Tokyo_Prefecture_Kanto.html,4.3,,201,"Japanese, Barbecue",Warayakiya Roppongi
17,Meat Man,https://www.tripadvisor.com/Restaurant_Review-g14129735-d3753632-Reviews-Meat_Man-Roppongi_Minato_Tokyo_Tokyo_Prefecture_Kanto.html,4.6,,73,"Japanese, Barbecue",Meat Man
18,Sushi Saito,https://www.tripadvisor.com/Restaurant_Review-g14129735-d7383757-Reviews-Sushi_Saito-Roppongi_Minato_Tokyo_Tokyo_Prefecture_Kanto.html,4.4,,40,"Japanese, Seafood",Sushi Saito
19,Afuri Roppongi Hills,https://www.tripadvisor.com/Restaurant_Review-g14129735-d10063669-Reviews-Afuri_Roppongi_Hills-Roppongi_Minato_Tokyo_Tokyo_Prefecture_Kanto.html,4.1,,121,"Japanese, Fast Food",Afuri Roppongi Hills
20,L'Atelier de Joel Robuchon,https://www.tripadvisor.com/Restaurant_Review-g14129735-d1663251-Reviews-L_Atelier_de_Joel_Robuchon-Roppongi_Minato_Tokyo_Tokyo_Prefecture_Kanto.html,4.2,,437,French,L'Atelier de Joel Robuchon
21,Pintokona Roppongi Hills,https://www.tripadvisor.com/Restaurant_Review-g14129735-d1689108-Reviews-Pintokona_Roppongi_Hills-Roppongi_Minato_Tokyo_Tokyo_Prefecture_Kanto.html,3.9,,106,"Japanese, Sushi",Pintokona Roppongi Hills
22,Roppongi Inakaya Higashi,https://www.tripadvisor.com/Restaurant_Review-g14129735-d1166305-Reviews-Roppongi_Inakaya_Higashi-Roppongi_Minato_Tokyo_Tokyo_Prefecture_Kanto.html,3.6,,189,"Japanese, Seafood",Roppongi Inakaya Higashi
23,Abbey Road Tokyo,https://www.tripadvisor.com/Restaurant_Review-g14129735-d3835609-Reviews-Abbey_Road_Tokyo-Roppongi_Minato_Tokyo_Tokyo_Prefecture_Kanto.html,4.6,,77,"Bar, Pub",Abbey Road Tokyo
24,0% Non-Alcohol Experience,https://www.tripadvisor.com/Restaurant_Review-g14129735-d21135613-Reviews-0_Non_Alcohol_Experience-Roppongi_Minato_Tokyo_Tokyo_Prefecture_Kanto.html,4.9,,83,"Bars & Pubs, Bar",0% Non-Alcohol Experience
25,Shabu Shabu Sushi Hassan,https://www.tripadvisor.com/Restaurant_Review-g14129735-d7725737-Reviews-Shabu_Shabu_Sushi_Hassan-Roppongi_Minato_Tokyo_Tokyo_Prefecture_Kanto.html,4.2,,69,"Japanese, Sushi",Shabu Shabu Sushi Hassan
26,Nikugen Roppongi,https://www.tripadvisor.com/Restaurant_Review-g14129735-d12588447-Reviews-Nikugen_Roppongi-Roppongi_Minato_Tokyo_Tokyo_Prefecture_Kanto.html,4.7,,81,Barbecue,Nikugen Roppongi
27,Serieux,https://www.tripadvisor.com/Restaurant_Review-g14129735-d26101746-Reviews-Serieux-Roppongi_Minato_Tokyo_Tokyo_Prefecture_Kanto.html,4.9,,9,"French, Japanese",Serieux
28,Bricolage Bread & Co,https://www.tripadvisor.com/Restaurant_Review-g14129735-d15359834-Reviews-Bricolage_Bread_Co-Roppongi_Minato_Tokyo_Tokyo_Prefecture_Kanto.html,3.9,,29,Cafe,Bricolage Bread & Co
29,Nanbantei,https://www.tripadvisor.com/Restaurant_Review-g14129735-d3667929-Reviews-Nanbantei-Roppongi_Minato_Tokyo_Tokyo_Prefecture_Kanto.html,4.8,,53,"Japanese, Barbecue",Nanbantei
30,Imakatsu,https://www.tripadvisor.com/Restaurant_Review-g14129735-d3752656-Reviews-Imakatsu-Roppongi_Minato_Tokyo_Tokyo_Prefecture_Kanto.html,4.7,,48,Japanese,Imakatsu
31,Mercer Brunch,https://www.tripadvisor.com/Restaurant_Review-g14129735-d4086408-Reviews-Mercer_Brunch-Roppongi_Minato_Tokyo_Tokyo_Prefecture_Kanto.html,4.0,,80,"Italian, American",Mercer Brunch
32,Cossott'E Sp,https://www.tripadvisor.com/Restaurant_Review-g14129735-d9973031-Reviews-Cossott_E_Sp-Roppongi_Minato_Tokyo_Tokyo_Prefecture_Kanto.html,4.8,,23,"Japanese, Barbecue",Cossott'E Sp
33,Jasmin Thai Roppongi Honten,https://www.tripadvisor.com/Restaurant_Review-g14129735-d10646633-Reviews-Jasmin_Thai_Roppongi_Honten-Roppongi_Minato_Tokyo_Tokyo_Prefecture_Kanto.html,4.1,,83,"Asian, Thai",Jasmin Thai Roppongi Honten
34,Miyabi Roppongi,https://www.tripadvisor.com/Restaurant_Review-g14129735-d4081655-Reviews-Miyabi_Roppongi-Roppongi_Minato_Tokyo_Tokyo_Prefecture_Kanto.html,4.5,,56,"Japanese, Barbecue",Miyabi Roppongi
35,Obica Roppongi Hills,https://www.tripadvisor.com/Restaurant_Review-g14129735-d2692832-Reviews-Obica_Roppongi_Hills-Roppongi_Minato_Tokyo_Tokyo_Prefecture_Kanto.html,3.9,,117,"Italian, Pizza",Obica Roppongi Hills
36,MAGURO & SHARI Roppongi,https://www.tripadvisor.com/Restaurant_Review-g14129735-d26327224-Reviews-MAGURO_SHARI_Roppongi-Roppongi_Minato_Tokyo_Tokyo_Prefecture_Kanto.html,4.8,,12,"Japanese, Seafood",MAGURO & SHARI Roppongi
37,Brasserie Paul Bocuse Le Musée,https://www.tripadvisor.com/Restaurant_Review-g14129735-d1666993-Reviews-Brasserie_Paul_Bocuse_Le_Musee-Roppongi_Minato_Tokyo_Tokyo_Prefecture_Kanto.html,3.8,,139,French,Brasserie Paul Bocuse Le Musée
38,Yelo,https://www.tripadvisor.com/Restaurant_Review-g14129735-d7295567-Reviews-Yelo-Roppongi_Minato_Tokyo_Tokyo_Prefecture_Kanto.html,4.1,,49,Dessert,Yelo
39,Ikinari Steak Roppongi,https://www.tripadvisor.com/Restaurant_Review-g14129735-d7007775-Reviews-Ikinari_Steak_Roppongi-Roppongi_Minato_Tokyo_Tokyo_Prefecture_Kanto.html,4.1,,63,"American, Steakhouse",Ikinari Steak Roppongi
40,Pintokona Roppongi Hills,https://www.tripadvisor.com/Restaurant_Review-g14129735-d1689108-Reviews-Pintokona_Roppongi_Hills-Roppongi_Minato_Tokyo_Tokyo_Prefecture_Kanto.html,3.9,,106,"Japanese, Sushi",Pintokona Roppongi Hills
41,Cinnabon Seattles Best Coffee Roppongi,https://www.tripadvisor.com/Restaurant_Review-g14129735-d7279921-Reviews-Cinnabon_Seattles_Best_Coffee_Roppongi-Roppongi_Minato_Tokyo_Tokyo_Prefecture_K.html,4.0,,60,Cafe,Cinnabon Seattles Best Coffee Roppongi
42,Hainan Jeefan Shokudo Azabu,https://www.tripadvisor.com/Restaurant_Review-g14129735-d1688731-Reviews-Hainan_Jeefan_Shokudo_Azabu-Roppongi_Minato_Tokyo_Tokyo_Prefecture_Kanto.html,4.2,,63,"Asian, Singaporean",Hainan Jeefan Shokudo Azabu
43,Roppongi Secret Base,https://www.tripadvisor.com/Restaurant_Review-g14129735-d25449157-Reviews-Roppongi_Secret_Base-Roppongi_Minato_Tokyo_Tokyo_Prefecture_Kanto.html,5.0,,12,"Bar, International",Roppongi Secret Base
44,"Nansho Mantoten, Roppongi Hills",https://www.tripadvisor.com/Restaurant_Review-g14129735-d1678483-Reviews-Nansho_Mantoten_Roppongi_Hills-Roppongi_Minato_Tokyo_Tokyo_Prefecture_Kanto.html,3.9,,99,"Chinese, Shanghai","Nansho Mantoten, Roppongi Hills"
45,Moti Roppongi,https://www.tripadvisor.com/Restaurant_Review-g14129735-d1678618-Reviews-Moti_Roppongi-Roppongi_Minato_Tokyo_Tokyo_Prefecture_Kanto.html,4.0,,78,Indian,Moti Roppongi
46,Shabuzen Roppongi,https://www.tripadvisor.com/Restaurant_Review-g14129735-d2461783-Reviews-Shabuzen_Roppongi-Roppongi_Minato_Tokyo_Tokyo_Prefecture_Kanto.html,4.2,,72,Japanese,Shabuzen Roppongi
47,Frey's Famous Pizzeria,https://www.tripadvisor.com/Restaurant_Review-g14129735-d8096158-Reviews-Frey_s_Famous_Pizzeria-Roppongi_Minato_Tokyo_Tokyo_Prefecture_Kanto.html,4.5,,35,"Italian, Pizza",Frey's Famous Pizzeria
48,Cucina Italiana Aria,https://www.tripadvisor.com/Restaurant_Review-g14129735-d4663891-Reviews-Cucina_Italiana_Aria-Roppongi_Minato_Tokyo_Tokyo_Prefecture_Kanto.html,4.2,,32,Italian,Cucina Italiana Aria
49,Paul Roppongi,https://www.tripadvisor.com/Restaurant_Review-g14129735-d2086593-Reviews-Paul_Roppongi-Roppongi_Minato_Tokyo_Tokyo_Prefecture_Kanto.html,3.9,,67,"Coffee & Tea, French",Paul Roppongi
50,Diya,https://www.tripadvisor.com/Restaurant_Review-g14129735-d1662918-Reviews-Diya-Roppongi_Minato_Tokyo_Tokyo_Prefecture_Kanto.html,4.0,,63,"Indian, Asian",Diya
51,R1 TOKYO Bar＆Restaurant,https://www.tripadvisor.com/Restaurant_Review-g14129735-d23738215-Reviews-R1_TOKYO_Bar_Restaurant-Roppongi_Minato_Tokyo_Tokyo_Prefecture_Kanto.html,4.6,,14,"Italian, French",R1 TOKYO Bar＆Restaurant
52,Kinka Sushi Bar Izakaya ROPPONGI,https://www.tripadvisor.com/Restaurant_Review-g14129735-d15127226-Reviews-Kinka_Sushi_Bar_Izakaya_ROPPONGI-Roppongi_Minato_Tokyo_Tokyo_Prefecture_Kanto.html,4.2,,22,"Japanese, Bar",Kinka Sushi Bar Izakaya ROPPONGI
53,Kohien,https://www.tripadvisor.com/Restaurant_Review-g14129735-d1688723-Reviews-Kohien-Roppongi_Minato_Tokyo_Tokyo_Prefecture_Kanto.html,3.8,,66,Chinese,Kohien
54,Onzoushi Matsurokuya,https://www.tripadvisor.com/Restaurant_Review-g14129735-d3959302-Reviews-Onzoushi_Matsurokuya-Roppongi_Minato_Tokyo_Tokyo_Prefecture_Kanto.html,4.6,,50,"Japanese, Asian",Onzoushi Matsurokuya
55,Harbs Roppongihills,https://www.tripadvisor.com/Restaurant_Review-g14129735-d6692448-Reviews-Harbs_Roppongihills-Roppongi_Minato_Tokyo_Tokyo_Prefecture_Kanto.html,3.8,,74,"Dessert, Cafe",Harbs Roppongihills
56,Serieux,https://www.tripadvisor.com/Restaurant_Review-g14129735-d26101746-Reviews-Serieux-Roppongi_Minato_Tokyo_Tokyo_Prefecture_Kanto.html,4.9,,9,"French, Japanese",Serieux
57,"Ant 'n Bee, Roppongi",https://www.tripadvisor.com/Restaurant_Review-g14129735-d4044813-Reviews-Ant_n_Bee_Roppongi-Roppongi_Minato_Tokyo_Tokyo_Prefecture_Kanto.html,4.3,,38,"Brew Pub, Bar","Ant 'n Bee, Roppongi"
58,latelier du pain,https://www.tripadvisor.com/Restaurant_Review-g14129735-d9939170-Reviews-Latelier_du_pain-Roppongi_Minato_Tokyo_Tokyo_Prefecture_Kanto.html,4.5,,22,"Bakeries, Deli",latelier du pain
59,"Outback Steakhouse, Roppongi",https://www.tripadvisor.com/Restaurant_Review-g14129735-d2338892-Reviews-Outback_Steakhouse_Roppongi-Roppongi_Minato_Tokyo_Tokyo_Prefecture_Kanto.html,3.8,,65,Steakhouse,"Outback Steakhouse, Roppongi"
60,Kushimura,https://www.tripadvisor.com/Restaurant_Review-g14129735-d1661911-Reviews-Kushimura-Roppongi_Minato_Tokyo_Tokyo_Prefecture_Kanto.html,4.6,,37,"Japanese, Asian",Kushimura
61,Sakana Bar Grill,https://www.tripadvisor.com/Restaurant_Review-g14129735-d9897559-Reviews-Sakana_Bar_Grill-Roppongi_Minato_Tokyo_Tokyo_Prefecture_Kanto.html,4.6,,20,"Seafood, Spanish",Sakana Bar Grill
62,"Hoshino Coffee, Roppongi",https://www.tripadvisor.com/Restaurant_Review-g14129735-d4993217-Reviews-Hoshino_Coffee_Roppongi-Roppongi_Minato_Tokyo_Tokyo_Prefecture_Kanto.html,3.9,,44,"Coffee & Tea, Cafe","Hoshino Coffee, Roppongi"
63,Jojoen,https://www.tripadvisor.com/Restaurant_Review-g14129735-d1685890-Reviews-Jojoen-Roppongi_Minato_Tokyo_Tokyo_Prefecture_Kanto.html,4.1,,36,"Japanese, Barbecue",Jojoen
64,Soryu Togyokudo Roppongi,https://www.tripadvisor.com/Restaurant_Review-g14129735-d1662385-Reviews-Soryu_Togyokudo_Roppongi-Roppongi_Minato_Tokyo_Tokyo_Prefecture_Kanto.html,3.9,,55,Chinese,Soryu Togyokudo Roppongi
65,Almond,https://www.tripadvisor.com/Restaurant_Review-g14129735-d1688999-Reviews-Almond-Roppongi_Minato_Tokyo_Tokyo_Prefecture_Kanto.html,3.8,,64,Cafe,Almond
66,Udon Kurosawa,https://www.tripadvisor.com/Restaurant_Review-g14129735-d1688500-Reviews-Udon_Kurosawa-Roppongi_Minato_Tokyo_Tokyo_Prefecture_Kanto.html,3.9,,47,Japanese,Udon Kurosawa
67,Roppongi Yakiniku Kintan,https://www.tripadvisor.com/Restaurant_Review-g14129735-d9926802-Reviews-Roppongi_Yakiniku_Kintan-Roppongi_Minato_Tokyo_Tokyo_Prefecture_Kanto.html,4.2,,31,"Japanese, Steakhouse",Roppongi Yakiniku Kintan
68,Malins Roppongi,https://www.tripadvisor.com/Restaurant_Review-g14129735-d6921604-Reviews-Malins_Roppongi-Roppongi_Minato_Tokyo_Tokyo_Prefecture_Kanto.html,4.1,,44,"Quick Bites, British",Malins Roppongi
69,Tony Roma's,https://www.tripadvisor.com/Restaurant_Review-g14129735-d1661606-Reviews-Tony_Roma_s-Roppongi_Minato_Tokyo_Tokyo_Prefecture_Kanto.html,3.8,,62,"American, Steakhouse",Tony Roma's
70,,https://www.tripadvisor.com/Restaurant_Review-g14129735-d8022344-Reviews-Santekan-Roppongi_Minato_Tokyo_Tokyo_Prefecture_Kanto.html,4.1,,33,"Japanese, Japanese - Other",
71,Etsubo,https://www.tripadvisor.com/Restaurant_Review-g14129735-d1668083-Reviews-Etsubo-Roppongi_Minato_Tokyo_Tokyo_Prefecture_Kanto.html,4.3,,23,Japanese,Etsubo
72,Hobgoblin Roppongi,https://www.tripadvisor.com/Restaurant_Review-g14129735-d3927403-Reviews-Hobgoblin_Roppongi-Roppongi_Minato_Tokyo_Tokyo_Prefecture_Kanto.html,3.9,,61,"Bars & Pubs, Bar",Hobgoblin Roppongi
73,Bairan Roppongi Hills,https://www.tripadvisor.com/Restaurant_Review-g14129735-d1694886-Reviews-Bairan_Roppongi_Hills-Roppongi_Minato_Tokyo_Tokyo_Prefecture_Kanto.html,3.8,,43,Chinese,Bairan Roppongi Hills
74,Pound-Ya,https://www.tripadvisor.com/Restaurant_Review-g14129735-d8494715-Reviews-Pound_Ya-Roppongi_Minato_Tokyo_Tokyo_Prefecture_Kanto.html,4.0,,39,"Japanese, American",Pound-Ya
75,Starbucks Coffee Roppongi Hills West Walk Lounge,https://www.tripadvisor.com/Restaurant_Review-g14129735-d6622619-Reviews-Starbucks_Coffee_Roppongi_Hills_West_Walk_Lounge-Roppongi_Minato_Tokyo_Tokyo_Pr.html,3.9,,49,"Coffee & Tea, Cafe",Starbucks Coffee Roppongi Hills West Walk Lounge
76,Downstairs Coffee,https://www.tripadvisor.com/Restaurant_Review-g14129735-d3789503-Reviews-Downstairs_Coffee-Roppongi_Minato_Tokyo_Tokyo_Prefecture_Kanto.html,4.1,,29,"Coffee & Tea, Cafe",Downstairs Coffee
77,Butagumishabuan,https://www.tripadvisor.com/Restaurant_Review-g14129735-d1668555-Reviews-Butagumishabuan-Roppongi_Minato_Tokyo_Tokyo_Prefecture_Kanto.html,4.0,,47,"Japanese, Japanese Fusion",Butagumishabuan
78,Trattoria Italia Roppongi 1chome,https://www.tripadvisor.com/Restaurant_Review-g14129735-d3843711-Reviews-Trattoria_Italia_Roppongi_1chome-Roppongi_Minato_Tokyo_Tokyo_Prefecture_Kanto.html,3.8,,38,"Italian, Pizza",Trattoria Italia Roppongi 1chome
79,Bricolage Bread & Co,https://www.tripadvisor.com/Restaurant_Review-g14129735-d15359834-Reviews-Bricolage_Bread_Co-Roppongi_Minato_Tokyo_Tokyo_Prefecture_Kanto.html,3.9,,29,Cafe,Bricolage Bread & Co
80,La Sfoglina,https://www.tripadvisor.com/Restaurant_Review-g14129735-d4599558-Reviews-La_Sfoglina-Roppongi_Minato_Tokyo_Tokyo_Prefecture_Kanto.html,4.2,,24,Italian,La Sfoglina
81,Tully's Coffee Roppongi 1chome,https://www.tripadvisor.com/Restaurant_Review-g14129735-d1690761-Reviews-Tully_s_Coffee_Roppongi_1chome-Roppongi_Minato_Tokyo_Tokyo_Prefecture_Kanto.html,3.8,,47,"Coffee & Tea, Cafe",Tully's Coffee Roppongi 1chome
82,Oyster Bar&Restaurant Ostrea Roppongi,https://www.tripadvisor.com/Restaurant_Review-g14129735-d1681839-Reviews-Oyster_Bar_Restaurant_Ostrea_Roppongi-Roppongi_Minato_Tokyo_Tokyo_Prefecture_Ka.html,3.9,,58,Seafood,Oyster Bar&Restaurant Ostrea Roppongi
83,Starbucks Coffee Roppongi Hills West Walk,https://www.tripadvisor.com/Restaurant_Review-g14129735-d3850909-Reviews-Starbucks_Coffee_Roppongi_Hills_West_Walk-Roppongi_Minato_Tokyo_Tokyo_Prefectur.html,3.8,,52,"Coffee & Tea, Cafe",Starbucks Coffee Roppongi Hills West Walk
84,Lilla Dalarna,https://www.tripadvisor.com/Restaurant_Review-g14129735-d1659171-Reviews-Lilla_Dalarna-Roppongi_Minato_Tokyo_Tokyo_Prefecture_Kanto.html,4.1,,25,"European, Scandinavian",Lilla Dalarna
85,Antico Caffe Al Avis Roppongi,https://www.tripadvisor.com/Restaurant_Review-g14129735-d8774630-Reviews-Antico_Caffe_Al_Avis_Roppongi-Roppongi_Minato_Tokyo_Tokyo_Prefecture_Kanto.html,3.9,,27,Cafe,Antico Caffe Al Avis Roppongi
86,Otsuna Zushi,https://www.tripadvisor.com/Restaurant_Review-g14129735-d1662282-Reviews-Otsuna_Zushi-Roppongi_Minato_Tokyo_Tokyo_Prefecture_Kanto.html,4.1,,25,"Japanese, Seafood",Otsuna Zushi
87,Mohri Salvatore Cuomo,https://www.tripadvisor.com/Restaurant_Review-g14129735-d1661508-Reviews-Mohri_Salvatore_Cuomo-Roppongi_Minato_Tokyo_Tokyo_Prefecture_Kanto.html,3.6,,94,"Italian, Pizza",Mohri Salvatore Cuomo
88,Rio Grande Grill Roppongi,https://www.tripadvisor.com/Restaurant_Review-g14129735-d6589273-Reviews-Rio_Grande_Grill_Roppongi-Roppongi_Minato_Tokyo_Tokyo_Prefecture_Kanto.html,3.8,,67,"Brazilian, Latin",Rio Grande Grill Roppongi
89,Los Cabos Roppongi,https://www.tripadvisor.com/Restaurant_Review-g14129735-d6067645-Reviews-Los_Cabos_Roppongi-Roppongi_Minato_Tokyo_Tokyo_Prefecture_Kanto.html,4.4,,28,"Mexican, Bar",Los Cabos Roppongi
90,Thai Kitchen Krung Siam Roppongi,https://www.tripadvisor.com/Restaurant_Review-g14129735-d10777383-Reviews-Thai_Kitchen_Krung_Siam_Roppongi-Roppongi_Minato_Tokyo_Tokyo_Prefecture_Kanto.html,4.0,,23,Thai,Thai Kitchen Krung Siam Roppongi
91,Bar Mijas,https://www.tripadvisor.com/Restaurant_Review-g14129735-d9963888-Reviews-Bar_Mijas-Roppongi_Minato_Tokyo_Tokyo_Prefecture_Kanto.html,,,,,Bar Mijas
92,Tempura Mikaku,https://www.tripadvisor.com/Restaurant_Review-g14129735-d1667531-Reviews-Tempura_Mikaku-Roppongi_Minato_Tokyo_Tokyo_Prefecture_Kanto.html,,,,,Tempura Mikaku
93,Tenho Roppongi,https://www.tripadvisor.com/Restaurant_Review-g14129735-d1688699-Reviews-Tenho_Roppongi-Roppongi_Minato_Tokyo_Tokyo_Prefecture_Kanto.html,,,,,Tenho Roppongi
94,Iruca Tokyo Roppongi,https://www.tripadvisor.com/Restaurant_Review-g14129735-d23944352-Reviews-Iruca_Tokyo_Roppongi-Roppongi_Minato_Tokyo_Tokyo_Prefecture_Kanto.html,,,,,Iruca Tokyo Roppongi
95,Wayang Bali Roppongi,https://www.tripadvisor.com/Restaurant_Review-g14129735-d9955663-Reviews-Wayang_Bali_Roppongi-Roppongi_Minato_Tokyo_Tokyo_Prefecture_Kanto.html,,,,,Wayang Bali Roppongi
96,"Tully's Coffee, Roppongi",https://www.tripadvisor.com/Restaurant_Review-g14129735-d10313072-Reviews-Tully_s_Coffee_Roppongi-Roppongi_Minato_Tokyo_Tokyo_Prefecture_Kanto.html,,,,,"Tully's Coffee, Roppongi"
97,Shabu-Shabu Onyasai Roppongi,https://www.tripadvisor.com/Restaurant_Review-g14129735-d3801977-Reviews-Shabu_Shabu_Onyasai_Roppongi-Roppongi_Minato_Tokyo_Tokyo_Prefecture_Kanto.html,,,,,Shabu-Shabu Onyasai Roppongi
98,"The 3rd Burger, Ark Hills South Tower",https://www.tripadvisor.com/Restaurant_Review-g14129735-d8262932-Reviews-The_3rd_Burger_Ark_Hills_South_Tower-Roppongi_Minato_Tokyo_Tokyo_Prefecture_Kan.html,,,,,"The 3rd Burger, Ark Hills South Tower"
99,Akasaka Tosaka,https://www.tripadvisor.com/Restaurant_Review-g14129735-d13992845-Reviews-Akasaka_Tosaka-Roppongi_Minato_Tokyo_Tokyo_Prefecture_Kanto.html,,,,,Akasaka Tosaka
100,Gozenbo Roppongi,https://www.tripadvisor.com/Restaurant_Review-g14129735-d1662180-Reviews-Gozenbo_Roppongi-Roppongi_Minato_Tokyo_Tokyo_Prefecture_Kanto.html,,,,,Gozenbo Roppongi
101,UNIHOLIC,https://www.tripadvisor.com/Restaurant_Review-g14129735-d13223782-Reviews-UNIHOLIC-Roppongi_Minato_Tokyo_Tokyo_Prefecture_Kanto.html,,,,,UNIHOLIC
102,"Tokyo Bal Ajito, Roppongi",https://www.tripadvisor.com/Restaurant_Review-g14129735-d7297891-Reviews-Tokyo_Bal_Ajito_Roppongi-Roppongi_Minato_Tokyo_Tokyo_Prefecture_Kanto.html,,,,,"Tokyo Bal Ajito, Roppongi"
103,Menyamusashi Kosho,https://www.tripadvisor.com/Restaurant_Review-g14129735-d4023837-Reviews-Menyamusashi_Kosho-Roppongi_Minato_Tokyo_Tokyo_Prefecture_Kanto.html,,,,,Menyamusashi Kosho
104,Mensho Taketora Roppongi,https://www.tripadvisor.com/Restaurant_Review-g14129735-d3752311-Reviews-Mensho_Taketora_Roppongi-Roppongi_Minato_Tokyo_Tokyo_Prefecture_Kanto.html,,,,,Mensho Taketora Roppongi
105,Chisen,https://www.tripadvisor.com/Restaurant_Review-g14129735-d1685826-Reviews-Chisen-Roppongi_Minato_Tokyo_Tokyo_Prefecture_Kanto.html,,,,,Chisen
106,Shiki Nanakusa,https://www.tripadvisor.com/Restaurant_Review-g14129735-d6051111-Reviews-Shiki_Nanakusa-Roppongi_Minato_Tokyo_Tokyo_Prefecture_Kanto.html,,,,,Shiki Nanakusa
107,,https://www.tripadvisor.com/Restaurant_Review-g14129735-d10068406-Reviews-Roppongi_Inakia-Roppongi_Minato_Tokyo_Tokyo_Prefecture_Kanto.html,,,,,
108,Hills Dal-Matto,https://www.tripadvisor.com/Restaurant_Review-g14129735-d8522935-Reviews-Hills_Dal_Matto-Roppongi_Minato_Tokyo_Tokyo_Prefecture_Kanto.html,,,,,Hills Dal-Matto
109,Il Figo Ingordo,https://www.tripadvisor.com/Restaurant_Review-g14129735-d4462616-Reviews-Il_Figo_Ingordo-Roppongi_Minato_Tokyo_Tokyo_Prefecture_Kanto.html,,,,,Il Figo Ingordo
110,Yakitori Moe,https://www.tripadvisor.com/Restaurant_Review-g14129735-d1687590-Reviews-Yakitori_Moe-Roppongi_Minato_Tokyo_Tokyo_Prefecture_Kanto.html,,,,,Yakitori Moe
111,Kushiyaki Ganchan,https://www.tripadvisor.com/Restaurant_Review-g14129735-d5427091-Reviews-Kushiyaki_Ganchan-Roppongi_Minato_Tokyo_Tokyo_Prefecture_Kanto.html,,,,,Kushiyaki Ganchan
112,Kushinobo Roppongi HIlls,https://www.tripadvisor.com/Restaurant_Review-g14129735-d1661438-Reviews-Kushinobo_Roppongi_HIlls-Roppongi_Minato_Tokyo_Tokyo_Prefecture_Kanto.html,,,,,Kushinobo Roppongi HIlls
113,Yakitori No Hachibei Roppongi,https://www.tripadvisor.com/Restaurant_Review-g14129735-d3752409-Reviews-Yakitori_No_Hachibei_Roppongi-Roppongi_Minato_Tokyo_Tokyo_Prefecture_Kanto.html,,,,,Yakitori No Hachibei Roppongi
114,Nurukan Sato Roppongi,https://www.tripadvisor.com/Restaurant_Review-g14129735-d4036090-Reviews-Nurukan_Sato_Roppongi-Roppongi_Minato_Tokyo_Tokyo_Prefecture_Kanto.html,,,,,Nurukan Sato Roppongi
115,Bangkok,https://www.tripadvisor.com/Restaurant_Review-g14129735-d9962911-Reviews-Bangkok-Roppongi_Minato_Tokyo_Tokyo_Prefecture_Kanto.html,,,,,Bangkok
116,Shojikiya,https://www.tripadvisor.com/Restaurant_Review-g14129735-d3829242-Reviews-Shojikiya-Roppongi_Minato_Tokyo_Tokyo_Prefecture_Kanto.html,,,,,Shojikiya
117,Yakiniku Seizaemon Roppongi,https://www.tripadvisor.com/Restaurant_Review-g14129735-d11895229-Reviews-Yakiniku_Seizaemon_Roppongi-Roppongi_Minato_Tokyo_Tokyo_Prefecture_Kanto.html,,,,,Yakiniku Seizaemon Roppongi
118,Kushikatsu Tanaka Roppongi,https://www.tripadvisor.com/Restaurant_Review-g14129735-d13063591-Reviews-Kushikatsu_Tanaka_Roppongi-Roppongi_Minato_Tokyo_Tokyo_Prefecture_Kanto.html,,,,,Kushikatsu Tanaka Roppongi
119,Koshitsu Bistro Shirube,https://www.tripadvisor.com/Restaurant_Review-g14129735-d3801961-Reviews-Koshitsu_Bistro_Shirube-Roppongi_Minato_Tokyo_Tokyo_Prefecture_Kanto.html,,,,,Koshitsu Bistro Shirube
120,L'essor Roppongi,https://www.tripadvisor.com/Restaurant_Review-g14129735-d13481680-Reviews-L_essor_Roppongi-Roppongi_Minato_Tokyo_Tokyo_Prefecture_Kanto.html,,,,,L'essor Roppongi
121,The Garden,https://www.tripadvisor.com/Restaurant_Review-g14129735-d9717733-Reviews-The_Garden-Roppongi_Minato_Tokyo_Tokyo_Prefecture_Kanto.html,,,,,The Garden
122,Ningyocho Densui Roppongi Hils,https://www.tripadvisor.com/Restaurant_Review-g14129735-d7348428-Reviews-Ningyocho_Densui_Roppongi_Hils-Roppongi_Minato_Tokyo_Tokyo_Prefecture_Kanto.html,,,,,Ningyocho Densui Roppongi Hils
123,Agave,https://www.tripadvisor.com/Restaurant_Review-g14129735-d1682953-Reviews-Agave-Roppongi_Minato_Tokyo_Tokyo_Prefecture_Kanto.html,,,,,Agave
124,Sushi Kaimasa,https://www.tripadvisor.com/Restaurant_Review-g14129735-d3970263-Reviews-Sushi_Kaimasa-Roppongi_Minato_Tokyo_Tokyo_Prefecture_Kanto.html,,,,,Sushi Kaimasa
125,Members' Tavern Itumo,https://www.tripadvisor.com/Restaurant_Review-g14129735-d3779581-Reviews-Members_Tavern_Itumo-Roppongi_Minato_Tokyo_Tokyo_Prefecture_Kanto.html,,,,,Members' Tavern Itumo
126,Cedar The Chop House & Bar,https://www.tripadvisor.com/Restaurant_Review-g14129735-d12370151-Reviews-Cedar_The_Chop_House_Bar-Roppongi_Minato_Tokyo_Tokyo_Prefecture_Kanto.html,,,,,Cedar The Chop House & Bar
127,Torisho Takehashi,https://www.tripadvisor.com/Restaurant_Review-g14129735-d4232376-Reviews-Torisho_Takehashi-Roppongi_Minato_Tokyo_Tokyo_Prefecture_Kanto.html,,,,,Torisho Takehashi
128,Bistro de Japon Uratsubaki,https://www.tripadvisor.com/Restaurant_Review-g14129735-d7785556-Reviews-Bistro_de_Japon_Uratsubaki-Roppongi_Minato_Tokyo_Tokyo_Prefecture_Kanto.html,,,,,Bistro de Japon Uratsubaki
129,Kurochodo Roppongi Hills,https://www.tripadvisor.com/Restaurant_Review-g14129735-d15116466-Reviews-Kurochodo_Roppongi_Hills-Roppongi_Minato_Tokyo_Tokyo_Prefecture_Kanto.html,,,,,Kurochodo Roppongi Hills
130,Dashi Chadzuke-En Roppongi Hills,https://www.tripadvisor.com/Restaurant_Review-g14129735-d3831809-Reviews-Dashi_Chadzuke_En_Roppongi_Hills-Roppongi_Minato_Tokyo_Tokyo_Prefecture_Kanto.html,,,,,Dashi Chadzuke-En Roppongi Hills
131,Kyogyu-so Roppongi,https://www.tripadvisor.com/Restaurant_Review-g14129735-d1678619-Reviews-Kyogyu_so_Roppongi-Roppongi_Minato_Tokyo_Tokyo_Prefecture_Kanto.html,,,,,Kyogyu-so Roppongi
132,Mozu,https://www.tripadvisor.com/Restaurant_Review-g14129735-d7807437-Reviews-Mozu-Roppongi_Minato_Tokyo_Tokyo_Prefecture_Kanto.html,,,,,Mozu
133,Amor de Gaudi Tokyo Roppongi,https://www.tripadvisor.com/Restaurant_Review-g14129735-d1680979-Reviews-Amor_de_Gaudi_Tokyo_Roppongi-Roppongi_Minato_Tokyo_Tokyo_Prefecture_Kanto.html,,,,,Amor de Gaudi Tokyo Roppongi
134,Abbot's Choice Roppongi,https://www.tripadvisor.com/Restaurant_Review-g14129735-d1678986-Reviews-Abbot_s_Choice_Roppongi-Roppongi_Minato_Tokyo_Tokyo_Prefecture_Kanto.html,,,,,Abbot's Choice Roppongi
135,Havana Cafe,https://www.tripadvisor.com/Restaurant_Review-g14129735-d1177922-Reviews-Havana_Cafe-Roppongi_Minato_Tokyo_Tokyo_Prefecture_Kanto.html,,,,,Havana Cafe
136,Ryouriya Mifune,https://www.tripadvisor.com/Restaurant_Review-g14129735-d3779077-Reviews-Ryouriya_Mifune-Roppongi_Minato_Tokyo_Tokyo_Prefecture_Kanto.html,,,,,Ryouriya Mifune
137,Cafe Rouge,https://www.tripadvisor.com/Restaurant_Review-g14129735-d7491688-Reviews-Cafe_Rouge-Roppongi_Minato_Tokyo_Tokyo_Prefecture_Kanto.html,,,,,Cafe Rouge
138,Kamonka Bourgogne Roppngi,https://www.tripadvisor.com/Restaurant_Review-g14129735-d9972871-Reviews-Kamonka_Bourgogne_Roppngi-Roppongi_Minato_Tokyo_Tokyo_Prefecture_Kanto.html,,,,,Kamonka Bourgogne Roppngi
139,Sakanaya Gabu,https://www.tripadvisor.com/Restaurant_Review-g14129735-d3753412-Reviews-Sakanaya_Gabu-Roppongi_Minato_Tokyo_Tokyo_Prefecture_Kanto.html,,,,,Sakanaya Gabu
140,Aburaya,https://www.tripadvisor.com/Restaurant_Review-g14129735-d3817340-Reviews-Aburaya-Roppongi_Minato_Tokyo_Tokyo_Prefecture_Kanto.html,,,,,Aburaya
141,Unagi Naruse Roppongi,https://www.tripadvisor.com/Restaurant_Review-g14129735-d26633782-Reviews-Unagi_Naruse_Roppongi-Roppongi_Minato_Tokyo_Tokyo_Prefecture_Kanto.html,,,,,Unagi Naruse Roppongi
142,Bistro Birdman 7-5-7,https://www.tripadvisor.com/Restaurant_Review-g14129735-d6921701-Reviews-Bistro_Birdman_7_5_7-Roppongi_Minato_Tokyo_Tokyo_Prefecture_Kanto.html,,,,,Bistro Birdman 7-5-7
143,Shot Bar Propaganda,https://www.tripadvisor.com/Restaurant_Review-g14129735-d13356505-Reviews-Shot_Bar_Propaganda-Roppongi_Minato_Tokyo_Tokyo_Prefecture_Kanto.html,,,,,Shot Bar Propaganda
144,Golden Tiger Roppongi Hills,https://www.tripadvisor.com/Restaurant_Review-g14129735-d10132503-Reviews-Golden_Tiger_Roppongi_Hills-Roppongi_Minato_Tokyo_Tokyo_Prefecture_Kanto.html,,,,,Golden Tiger Roppongi Hills
145,Shonzui,https://www.tripadvisor.com/Restaurant_Review-g14129735-d3672629-Reviews-Shonzui-Roppongi_Minato_Tokyo_Tokyo_Prefecture_Kanto.html,,,,,Shonzui
146,Starbucks Coffee Ark Hills South Tower,https://www.tripadvisor.com/Restaurant_Review-g14129735-d10646504-Reviews-Starbucks_Coffee_Ark_Hills_South_Tower-Roppongi_Minato_Tokyo_Tokyo_Prefecture_.html,,,,,Starbucks Coffee Ark Hills South Tower
147,Kakurega Yakiniku Niku no Toriko Roppongi,https://www.tripadvisor.com/Restaurant_Review-g14129735-d12295676-Reviews-Kakurega_Yakiniku_Niku_no_Toriko_Roppongi-Roppongi_Minato_Tokyo_Tokyo_Prefectu.html,,,,,Kakurega Yakiniku Niku no Toriko Roppongi
148,Ushio,https://www.tripadvisor.com/Restaurant_Review-g14129735-d1693957-Reviews-Ushio-Roppongi_Minato_Tokyo_Tokyo_Prefecture_Kanto.html,,,,,Ushio
149,Uni Seafood,https://www.tripadvisor.com/Restaurant_Review-g14129735-d25332915-Reviews-Uni_Seafood-Roppongi_Minato_Tokyo_Tokyo_Prefecture_Kanto.html,,,,,Uni Seafood
150,Ex,https://www.tripadvisor.com/Restaurant_Review-g14129735-d10645656-Reviews-Ex-Roppongi_Minato_Tokyo_Tokyo_Prefecture_Kanto.html,,,,,Ex
151,Phuong Nam Vietnamese Restaurant Roppongi,https://www.tripadvisor.com/Restaurant_Review-g14129735-d14183418-Reviews-Phuong_Nam_Vietnamese_Restaurant_Roppongi-Roppongi_Minato_Tokyo_Tokyo_Prefectu.html,4.0,,7,Asian,Phuong Nam Vietnamese Restaurant Roppongi
152,Salon de The ROND,https://www.tripadvisor.com/Restaurant_Review-g14129735-d1667023-Reviews-Salon_de_The_ROND-Roppongi_Minato_Tokyo_Tokyo_Prefecture_Kanto.html,3.6,,22,Cafe,Salon de The ROND
153,Fukushimaya Roppongi,https://www.tripadvisor.com/Restaurant_Review-g14129735-d14744903-Reviews-Fukushimaya_Roppongi-Roppongi_Minato_Tokyo_Tokyo_Prefecture_Kanto.html,3.6,,14,Japanese,Fukushimaya Roppongi
154,AS Classics Diner,https://www.tripadvisor.com/Restaurant_Review-g14129735-d8457111-Reviews-AS_Classics_Diner-Roppongi_Minato_Tokyo_Tokyo_Prefecture_Kanto.html,3.5,,30,American,AS Classics Diner
155,Piano Bar MyScotch,https://www.tripadvisor.com/Restaurant_Review-g14129735-d7352850-Reviews-Piano_Bar_MyScotch-Roppongi_Minato_Tokyo_Tokyo_Prefecture_Kanto.html,4.5,,11,"Bars & Pubs, Bar",Piano Bar MyScotch
156,Roppongi Bar7557,https://www.tripadvisor.com/Restaurant_Review-g14129735-d25318462-Reviews-Roppongi_Bar7557-Roppongi_Minato_Tokyo_Tokyo_Prefecture_Kanto.html,4.7,,3,"Brew Pub, Bar",Roppongi Bar7557
157,Go!Go! Curry Roppongi Stadium,https://www.tripadvisor.com/Restaurant_Review-g14129735-d3789941-Reviews-Go_Go_Curry_Roppongi_Stadium-Roppongi_Minato_Tokyo_Tokyo_Prefecture_Kanto.html,3.6,,21,$$ - $$$,Go!Go! Curry Roppongi Stadium
158,Teppanyakikurodaya,https://www.tripadvisor.com/Restaurant_Review-g14129735-d1677581-Reviews-Teppanyakikurodaya-Roppongi_Minato_Tokyo_Tokyo_Prefecture_Kanto.html,4.0,,16,"Japanese, Steakhouse",Teppanyakikurodaya
159,Bistro Chick Roppongi,https://www.tripadvisor.com/Restaurant_Review-g14129735-d13990529-Reviews-Bistro_Chick_Roppongi-Roppongi_Minato_Tokyo_Tokyo_Prefecture_Kanto.html,3.9,,10,"Italian, French",Bistro Chick Roppongi
160,PST Roppongi,https://www.tripadvisor.com/Restaurant_Review-g14129735-d15872325-Reviews-PST_Roppongi-Roppongi_Minato_Tokyo_Tokyo_Prefecture_Kanto.html,3.5,,20,"Italian, Pizza",PST Roppongi
161,Kobe Beef Steak Monster Roppongi,https://www.tripadvisor.com/Restaurant_Review-g14129735-d17733254-Reviews-Kobe_Beef_Steak_Monster_Roppongi-Roppongi_Minato_Tokyo_Tokyo_Prefecture_Kanto.html,4.5,,6,"Italian, Steakhouse",Kobe Beef Steak Monster Roppongi
162,Brasserie Va-Tout,https://www.tripadvisor.com/Restaurant_Review-g14129735-d1716460-Reviews-Brasserie_Va_Tout-Roppongi_Minato_Tokyo_Tokyo_Prefecture_Kanto.html,3.8,,33,"French, European",Brasserie Va-Tout
163,Famed Fuji Soba Roppongi,https://www.tripadvisor.com/Restaurant_Review-g14129735-d3858336-Reviews-Famed_Fuji_Soba_Roppongi-Roppongi_Minato_Tokyo_Tokyo_Prefecture_Kanto.html,3.6,,20,Japanese,Famed Fuji Soba Roppongi
164,Charcoal Grilled Beef Toraji Roppongi 5-Chome,https://www.tripadvisor.com/Restaurant_Review-g14129735-d4664640-Reviews-Charcoal_Grilled_Beef_Toraji_Roppongi_5_Chome-Roppongi_Minato_Tokyo_Tokyo_Prefe.html,3.9,,17,Japanese,Charcoal Grilled Beef Toraji Roppongi 5-Chome
165,Soba Roppon,https://www.tripadvisor.com/Restaurant_Review-g14129735-d11733646-Reviews-Soba_Roppon-Roppongi_Minato_Tokyo_Tokyo_Prefecture_Kanto.html,3.6,,21,Japanese,Soba Roppon
166,Roppongi Toriya Ko,https://www.tripadvisor.com/Restaurant_Review-g14129735-d12820393-Reviews-Roppongi_Toriya_Ko-Roppongi_Minato_Tokyo_Tokyo_Prefecture_Kanto.html,4.3,,6,"Japanese, Japanese Fusion",Roppongi Toriya Ko
167,Crisp Salad Works Roppongi Hills,https://www.tripadvisor.com/Restaurant_Review-g14129735-d14552876-Reviews-Crisp_Salad_Works_Roppongi_Hills-Roppongi_Minato_Tokyo_Tokyo_Prefecture_Kanto.html,3.7,,13,Healthy,Crisp Salad Works Roppongi Hills
168,Rokunana,https://www.tripadvisor.com/Restaurant_Review-g14129735-d3839574-Reviews-Rokunana-Roppongi_Minato_Tokyo_Tokyo_Prefecture_Kanto.html,4.7,,3,"Bar, Pub",Rokunana
169,Patisserie Mayo Flat,https://www.tripadvisor.com/Restaurant_Review-g14129735-d28352833-Reviews-Patisserie_Mayo_Flat-Roppongi_Minato_Tokyo_Tokyo_Prefecture_Kanto.html,5.0,,3,"Dessert, Cafe",Patisserie Mayo Flat
170,Cafeteria Carre,https://www.tripadvisor.com/Restaurant_Review-g14129735-d3841693-Reviews-Cafeteria_Carre-Roppongi_Minato_Tokyo_Tokyo_Prefecture_Kanto.html,3.7,,20,"Coffee & Tea, Cafe",Cafeteria Carre
171,Wagyu Japanese Beef Cuisine Sanda,https://www.tripadvisor.com/Restaurant_Review-g14129735-d4665548-Reviews-Wagyu_Japanese_Beef_Cuisine_Sanda-Roppongi_Minato_Tokyo_Tokyo_Prefecture_Kanto.html,4.4,,11,Japanese,Wagyu Japanese Beef Cuisine Sanda
172,Miroku Syokudo,https://www.tripadvisor.com/Restaurant_Review-g14129735-d27780341-Reviews-Miroku_Syokudo-Roppongi_Minato_Tokyo_Tokyo_Prefecture_Kanto.html,5.0,,2,"Japanese, Seafood",Miroku Syokudo
173,Konaya,https://www.tripadvisor.com/Restaurant_Review-g14129735-d1662996-Reviews-Konaya-Roppongi_Minato_Tokyo_Tokyo_Prefecture_Kanto.html,4.2,,13,,Konaya
174,Starbucks Metro Hat Hollywood Plaza,https://www.tripadvisor.com/Restaurant_Review-g14129735-d9905186-Reviews-Starbucks_Metro_Hat_Hollywood_Plaza-Roppongi_Minato_Tokyo_Tokyo_Prefecture_Kant.html,3.8,,12,"Coffee & Tea, Cafe",Starbucks Metro Hat Hollywood Plaza
175,99 Sports Bar,https://www.tripadvisor.com/Restaurant_Review-g14129735-d13535452-Reviews-99_Sports_Bar-Roppongi_Minato_Tokyo_Tokyo_Prefecture_Kanto.html,4.7,,6,"Bar, International",99 Sports Bar
176,Torishige Roppongi,https://www.tripadvisor.com/Restaurant_Review-g14129735-d10650913-Reviews-Torishige_Roppongi-Roppongi_Minato_Tokyo_Tokyo_Prefecture_Kanto.html,4.5,,6,"Japanese, Japanese - Other",Torishige Roppongi
177,La Maison du Chocolat Japon Roppongi Hills,https://www.tripadvisor.com/Restaurant_Review-g14129735-d13264424-Reviews-La_Maison_du_Chocolat_Japon_Roppongi_Hills-Roppongi_Minato_Tokyo_Tokyo_Prefect.html,3.8,,9,"Coffee & Tea, Cafe",La Maison du Chocolat Japon Roppongi Hills
178,Roppongibaikaru,https://www.tripadvisor.com/Restaurant_Review-g14129735-d1668804-Reviews-Roppongibaikaru-Roppongi_Minato_Tokyo_Tokyo_Prefecture_Kanto.html,3.9,,30,Russian,Roppongibaikaru
179,Charcoal Grill Gostoso,https://www.tripadvisor.com/Restaurant_Review-g14129735-d8029113-Reviews-Charcoal_Grill_Gostoso-Roppongi_Minato_Tokyo_Tokyo_Prefecture_Kanto.html,3.8,,14,"Steakhouse, Brazilian",Charcoal Grill Gostoso
180,Steak Gralic Roppongi,https://www.tripadvisor.com/Restaurant_Review-g14129735-d3590466-Reviews-Steak_Gralic_Roppongi-Roppongi_Minato_Tokyo_Tokyo_Prefecture_Kanto.html,4.4,,9,Steakhouse,Steak Gralic Roppongi
181,Wine Honoji,https://www.tripadvisor.com/Restaurant_Review-g14129735-d3349524-Reviews-Wine_Honoji-Roppongi_Minato_Tokyo_Tokyo_Prefecture_Kanto.html,4.0,,10,"Japanese, European",Wine Honoji
182,Wako Izumi Garden Tower Roppongi 1-Chome,https://www.tripadvisor.com/Restaurant_Review-g14129735-d10648572-Reviews-Wako_Izumi_Garden_Tower_Roppongi_1_Chome-Roppongi_Minato_Tokyo_Tokyo_Prefectur.html,3.6,,15,"Japanese, Japanese - Other",Wako Izumi Garden Tower Roppongi 1-Chome
183,The Public Six Tokyo,https://www.tripadvisor.com/Restaurant_Review-g14129735-d12105342-Reviews-The_Public_Six_Tokyo-Roppongi_Minato_Tokyo_Tokyo_Prefecture_Kanto.html,3.8,,18,"Bar, Pub",The Public Six Tokyo
184,Nihonshu Dinning Tsuyanokoku,https://www.tripadvisor.com/Restaurant_Review-g14129735-d15603329-Reviews-Nihonshu_Dinning_Tsuyanokoku-Roppongi_Minato_Tokyo_Tokyo_Prefecture_Kanto.html,5.0,,2,"Japanese, Sushi",Nihonshu Dinning Tsuyanokoku
185,Bar Queen’s-q,https://www.tripadvisor.com/Restaurant_Review-g14129735-d11658285-Reviews-Bar_Queen_s_q-Roppongi_Minato_Tokyo_Tokyo_Prefecture_Kanto.html,4.2,,5,"Bars & Pubs, Bar",Bar Queen’s-q
186,Laila,https://www.tripadvisor.com/Restaurant_Review-g14129735-d6067734-Reviews-Laila-Roppongi_Minato_Tokyo_Tokyo_Prefecture_Kanto.html,3.7,,13,$$ - $$$,Laila
187,"Halekai's, Ark Hills Sengokuyamamori Tower",https://www.tripadvisor.com/Restaurant_Review-g14129735-d6018115-Reviews-Halekai_s_Ark_Hills_Sengokuyamamori_Tower-Roppongi_Minato_Tokyo_Tokyo_Prefectur.html,3.8,,12,"Grill, Pub","Halekai's, Ark Hills Sengokuyamamori Tower"
188,Buenas Roppongi,https://www.tripadvisor.com/Restaurant_Review-g14129735-d27521884-Reviews-Buenas_Roppongi-Roppongi_Minato_Tokyo_Tokyo_Prefecture_Kanto.html,4.5,,2,"Bars & Pubs, Bar",Buenas Roppongi
189,La Oliva,https://www.tripadvisor.com/Restaurant_Review-g14129735-d8703273-Reviews-La_Oliva-Roppongi_Minato_Tokyo_Tokyo_Prefecture_Kanto.html,4.8,,5,Spanish,La Oliva
190,Butabara Roppongi,https://www.tripadvisor.com/Restaurant_Review-g14129735-d24172557-Reviews-Butabara_Roppongi-Roppongi_Minato_Tokyo_Tokyo_Prefecture_Kanto.html,5.0,,2,Japanese,Butabara Roppongi
191,Coco Ichibanya Tokyo Metro Roppongi Ekimae,https://www.tripadvisor.com/Restaurant_Review-g14129735-d10644920-Reviews-Coco_Ichibanya_Tokyo_Metro_Roppongi_Ekimae-Roppongi_Minato_Tokyo_Tokyo_Prefect.html,3.6,,13,Fast Food,Coco Ichibanya Tokyo Metro Roppongi Ekimae
192,Dip Palace Heritage Roppongi,https://www.tripadvisor.com/Restaurant_Review-g14129735-d12899466-Reviews-Dip_Palace_Heritage_Roppongi-Roppongi_Minato_Tokyo_Tokyo_Prefecture_Kanto.html,3.7,,10,"Indian, Asian",Dip Palace Heritage Roppongi
193,Kasumi-cho soba masudaya,https://www.tripadvisor.com/Restaurant_Review-g14129735-d1660942-Reviews-Kasumi_cho_soba_masudaya-Roppongi_Minato_Tokyo_Tokyo_Prefecture_Kanto.html,3.6,,18,$$ - $$$,Kasumi-cho soba masudaya
194,Kakunoshin Neuf,https://www.tripadvisor.com/Restaurant_Review-g14129735-d6070367-Reviews-Kakunoshin_Neuf-Roppongi_Minato_Tokyo_Tokyo_Prefecture_Kanto.html,4.0,,13,French,Kakunoshin Neuf
195,1967,https://www.tripadvisor.com/Restaurant_Review-g14129735-d4474440-Reviews-1967-Roppongi_Minato_Tokyo_Tokyo_Prefecture_Kanto.html,3.7,,15,"Bars & Pubs, Bar",1967
196,Azabu Tansumachi Tenryoan,https://www.tripadvisor.com/Restaurant_Review-g14129735-d13063676-Reviews-Azabu_Tansumachi_Tenryoan-Roppongi_Minato_Tokyo_Tokyo_Prefecture_Kanto.html,4.2,,5,"Japanese, Steakhouse",Azabu Tansumachi Tenryoan
197,Ark Hills Cafe,https://www.tripadvisor.com/Restaurant_Review-g14129735-d4672434-Reviews-Ark_Hills_Cafe-Roppongi_Minato_Tokyo_Tokyo_Prefecture_Kanto.html,3.4,,42,"Bar, Cafe",Ark Hills Cafe
198,Caipirinha Bar,https://www.tripadvisor.com/Restaurant_Review-g14129735-d12096690-Reviews-Caipirinha_Bar-Roppongi_Minato_Tokyo_Tokyo_Prefecture_Kanto.html,4.3,,6,"Brazilian, Bar",Caipirinha Bar
199,Matsuoka,https://www.tripadvisor.com/Restaurant_Review-g14129735-d16676384-Reviews-Matsuoka-Roppongi_Minato_Tokyo_Tokyo_Prefecture_Kanto.html,4.3,,4,"Japanese, Asian",Matsuoka
200,Ban Kara Zone-R,https://www.tripadvisor.com/Restaurant_Review-g14129735-d10036981-Reviews-Ban_Kara_Zone_R-Roppongi_Minato_Tokyo_Tokyo_Prefecture_Kanto.html,4.3,,13,"Bars & Pubs, Italian",Ban Kara Zone-R
